company_id,year,CFO_sign,CFI_sign,CFF_sign,pattern_label
ABB,2012-12,+,-,-,Reinvestor / Shareholder Returns
ABB,2014-03,+,+,+,Asset Liquidation / Cash Accumulation
ABB,2015-03,-,-,+,External Funding for Operations
ABB,2016-03,+,-,-,Reinvestor / Shareholder Returns
ABB,2017-03,+,-,-,Reinvestor / Shareholder Returns
ABB,2018-03,+,-,+,Growth Capital / Expansion
ABB,2019-03,+,-,+,Growth Capital / Expansion
ABB,2020-03,+,-,+,Growth Capital / Expansion
ABB,2021-03,+,-,-,Reinvestor / Shareholder Returns
ABB,2022-03,+,-,-,Reinvestor / Shareholder Returns
ABB,2023-03,+,-,+,Growth Capital / Expansion
ABB,2024-03,+,-,-,Reinvestor / Shareholder Returns
ABB,2024-09,+,+,+,Asset Liquidation / Cash Accumulation
ABB,PARSE_ERROR,+,+,+,Asset Liquidation / Cash Accumulation
ADANIENSOL,2014-03,+,+,+,Asset Liquidation / Cash Accumulation
ADANIENSOL,2015-03,-,-,+,External Funding for Operations
ADANIENSOL,2016-03,+,-,-,Reinvestor / Shareholder Returns
ADANIENSOL,2017-03,+,-,-,Reinvestor / Shareholder Returns
ADANIENSOL,2018-03,+,-,+,Growth Capital / Expansion
ADANIENSOL,2019-03,+,-,+,Growth Capital / Expansion
ADANIENSOL,2020-03,+,-,+,Growth Capital / Expansion
ADANIENSOL,2021-03,+,-,-,Reinvestor / Shareholder Returns
ADANIENSOL,2022-03,+,-,-,Reinvestor / Shareholder Returns
ADANIENSOL,2023-03,+,-,+,Growth Capital / Expansion
ADANIENSOL,2024-03,+,-,-,Reinvestor / Shareholder Returns
ADANIENSOL,2024-09,+,+,+,Asset Liquidation / Cash Accumulation
ADANIENSOL,PARSE_ERROR,+,+,+,Asset Liquidation / Cash Accumulation
ADANIENT,2013-03,+,-,+,Growth Capital / Expansion
ADANIENT,2014-03,+,-,-,Reinvestor / Shareholder Returns
ADANIENT,2015-03,+,-,+,Growth Capital / Expansion
ADANIENT,2016-03,+,-,-,Reinvestor / Shareholder Returns
ADANIENT,2017-03,+,-,+,Growth Capital / Expansion
ADANIENT,2018-03,+,-,+,Growth Capital / Expansion
ADANIENT,2019-03,+,+,-,Divestment / Debt Repayment
ADANIENT,2020-03,+,-,-,Reinvestor / Shareholder Returns
ADANIENT,2021-03,+,-,+,Growth Capital / Expansion
ADANIENT,2022-03,+,-,+,Growth Capital / Expansion
ADANIENT,2023-03,+,-,-,Reinvestor / Shareholder Returns
ADANIENT,2024-03,+,-,+,Growth Capital / Expansion
ADANIENT,2024-09,+,+,+,Asset Liquidation / Cash Accumulation
ADANIENT,PARSE_ERROR,+,+,+,Asset Liquidation / Cash Accumulation
ADANIGREEN,2017-03,+,-,+,Growth Capital / Expansion
ADANIGREEN,2018-03,+,-,+,Growth Capital / Expansion
ADANIGREEN,2019-03,+,-,+,Growth Capital / Expansion
ADANIGREEN,2020-03,+,-,+,Growth Capital / Expansion
ADANIGREEN,2021-03,+,-,+,Growth Capital / Expansion
ADANIGREEN,2022-03,+,-,+,Growth Capital / Expansion
ADANIGREEN,2023-03,+,-,-,Reinvestor / Shareholder Returns
ADANIGREEN,2024-03,+,-,+,Growth Capital / Expansion
ADANIGREEN,2024-09,+,+,+,Asset Liquidation / Cash Accumulation
ADANIGREEN,PARSE_ERROR,+,+,+,Asset Liquidation / Cash Accumulation
ADANIPORTS,2013-03,+,-,+,Growth Capital / Expansion
ADANIPORTS,2014-03,+,-,+,Growth Capital / Expansion
ADANIPORTS,2015-03,+,-,-,Reinvestor / Shareholder Returns
ADANIPORTS,2016-03,+,-,+,Growth Capital / Expansion
ADANIPORTS,2017-03,+,-,-,Reinvestor / Shareholder Returns
ADANIPORTS,2018-03,+,-,-,Reinvestor / Shareholder Returns
ADANIPORTS,2019-03,+,-,+,Growth Capital / Expansion
ADANIPORTS,2020-03,+,-,-,Reinvestor / Shareholder Returns
ADANIPORTS,2021-03,+,-,+,Growth Capital / Expansion
ADANIPORTS,2022-03,+,-,-,Reinvestor / Shareholder Returns
ADANIPORTS,2023-03,+,-,-,Reinvestor / Shareholder Returns
ADANIPORTS,2024-03,+,-,-,Reinvestor / Shareholder Returns
ADANIPORTS,2024-09,+,+,+,Asset Liquidation / Cash Accumulation
ADANIPORTS,PARSE_ERROR,+,+,+,Asset Liquidation / Cash Accumulation
ADANIPOWER,2013-03,+,-,+,Growth Capital / Expansion
ADANIPOWER,2014-03,+,-,+,Growth Capital / Expansion
ADANIPOWER,2015-03,+,-,-,Reinvestor / Shareholder Returns
ADANIPOWER,2016-03,+,-,-,Reinvestor / Shareholder Returns
ADANIPOWER,2017-03,+,-,-,Reinvestor / Shareholder Returns
ADANIPOWER,2018-03,+,-,-,Reinvestor / Shareholder Returns
ADANIPOWER,2019-03,+,-,-,Reinvestor / Shareholder Returns
ADANIPOWER,2020-03,+,-,-,Reinvestor / Shareholder Returns
ADANIPOWER,2021-03,+,-,-,Reinvestor / Shareholder Returns
ADANIPOWER,2022-03,+,+,-,Divestment / Debt Repayment
ADANIPOWER,2023-03,+,+,-,Divestment / Debt Repayment
ADANIPOWER,2024-03,+,+,-,Divestment / Debt Repayment
ADANIPOWER,2024-09,+,+,+,Asset Liquidation / Cash Accumulation
ADANIPOWER,PARSE_ERROR,+,+,+,Asset Liquidation / Cash Accumulation
AMBUJACEM,2012-12,+,-,-,Reinvestor / Shareholder Returns
AMBUJACEM,2013-12,+,-,-,Reinvestor / Shareholder Returns
AMBUJACEM,2014-12,+,-,-,Reinvestor / Shareholder Returns
AMBUJACEM,2015-12,+,-,-,Reinvestor / Shareholder Returns
AMBUJACEM,2016-12,+,-,-,Reinvestor / Shareholder Returns
AMBUJACEM,2017-12,+,-,-,Reinvestor / Shareholder Returns
AMBUJACEM,2018-12,+,-,-,Reinvestor / Shareholder Returns
AMBUJACEM,2019-12,+,-,-,Reinvestor / Shareholder Returns
AMBUJACEM,2020-12,+,-,-,Reinvestor / Shareholder Returns
AMBUJACEM,2021-12,+,-,-,Reinvestor / Shareholder Returns
AMBUJACEM,2023-03,+,-,+,Growth Capital / Expansion
AMBUJACEM,2024-03,+,-,+,Growth Capital / Expansion
AMBUJACEM,2024-09,+,+,+,Asset Liquidation / Cash Accumulation
AMBUJACEM,PARSE_ERROR,+,+,+,Asset Liquidation / Cash Accumulation
APOLLOHOSP,2013-03,+,-,+,Growth Capital / Expansion
APOLLOHOSP,2014-03,+,-,-,Reinvestor / Shareholder Returns
APOLLOHOSP,2015-03,+,-,+,Growth Capital / Expansion
APOLLOHOSP,2016-03,+,-,+,Growth Capital / Expansion
APOLLOHOSP,2017-03,+,-,+,Growth Capital / Expansion
APOLLOHOSP,2018-03,+,-,-,Reinvestor / Shareholder Returns
APOLLOHOSP,2019-03,+,-,-,Reinvestor / Shareholder Returns
APOLLOHOSP,2020-03,+,-,-,Reinvestor / Shareholder Returns
APOLLOHOSP,2021-03,+,-,-,Reinvestor / Shareholder Returns
APOLLOHOSP,2022-03,+,-,-,Reinvestor / Shareholder Returns
APOLLOHOSP,2023-03,+,-,-,Reinvestor / Shareholder Returns
APOLLOHOSP,2024-03,+,-,-,Reinvestor / Shareholder Returns
APOLLOHOSP,2024-09,+,+,+,Asset Liquidation / Cash Accumulation
APOLLOHOSP,PARSE_ERROR,+,+,+,Asset Liquidation / Cash Accumulation
ASIANPAINT,2013-03,+,-,-,Reinvestor / Shareholder Returns
ASIANPAINT,2014-03,+,-,-,Reinvestor / Shareholder Returns
ASIANPAINT,2015-03,+,-,-,Reinvestor / Shareholder Returns
ASIANPAINT,2016-03,+,-,-,Reinvestor / Shareholder Returns
ASIANPAINT,2017-03,+,-,-,Reinvestor / Shareholder Returns
ASIANPAINT,2018-03,+,-,-,Reinvestor / Shareholder Returns
ASIANPAINT,2019-03,+,-,-,Reinvestor / Shareholder Returns
ASIANPAINT,2020-03,+,-,-,Reinvestor / Shareholder Returns
ASIANPAINT,2021-03,+,-,-,Reinvestor / Shareholder Returns
ASIANPAINT,2022-03,+,-,-,Reinvestor / Shareholder Returns
ASIANPAINT,2023-03,+,-,-,Reinvestor / Shareholder Returns
ASIANPAINT,2024-03,+,-,-,Reinvestor / Shareholder Returns
ASIANPAINT,2024-09,+,+,+,Asset Liquidation / Cash Accumulation
ASIANPAINT,PARSE_ERROR,+,+,+,Asset Liquidation / Cash Accumulation
ATGL,2018-03,+,+,+,Asset Liquidation / Cash Accumulation
ATGL,2019-03,+,+,+,Asset Liquidation / Cash Accumulation
ATGL,2020-03,+,+,+,Asset Liquidation / Cash Accumulation
ATGL,2021-03,+,+,+,Asset Liquidation / Cash Accumulation
ATGL,2022-03,+,+,+,Asset Liquidation / Cash Accumulation
ATGL,2023-03,+,+,+,Asset Liquidation / Cash Accumulation
ATGL,2024-03,+,+,+,Asset Liquidation / Cash Accumulation
ATGL,2024-09,+,+,+,Asset Liquidation / Cash Accumulation
ATGL,PARSE_ERROR,+,+,+,Asset Liquidation / Cash Accumulation
AXISBANK,2013-03,+,-,+,Growth Capital / Expansion
AXISBANK,2014-03,+,-,+,Growth Capital / Expansion
AXISBANK,2015-03,-,-,+,External Funding for Operations
AXISBANK,2016-03,-,+,+,Distress / Liquidation
AXISBANK,2017-03,+,-,-,Reinvestor / Shareholder Returns
AXISBANK,2018-03,-,-,+,External Funding for Operations
AXISBANK,2019-03,+,-,+,Growth Capital / Expansion
AXISBANK,2020-03,+,-,+,Growth Capital / Expansion
AXISBANK,2021-03,+,-,+,Growth Capital / Expansion
AXISBANK,2022-03,+,-,+,Growth Capital / Expansion
AXISBANK,2023-03,+,-,+,Growth Capital / Expansion
AXISBANK,2024-03,-,-,+,External Funding for Operations
AXISBANK,PARSE_ERROR,+,+,+,Asset Liquidation / Cash Accumulation
BAJAJ-AUTO,2013-03,+,-,-,Reinvestor / Shareholder Returns
BAJAJ-AUTO,2014-03,+,-,-,Reinvestor / Shareholder Returns
BAJAJ-AUTO,2015-03,+,-,-,Reinvestor / Shareholder Returns
BAJAJ-AUTO,2016-03,+,-,-,Reinvestor / Shareholder Returns
BAJAJ-AUTO,2017-03,+,-,-,Reinvestor / Shareholder Returns
BAJAJ-AUTO,2018-03,+,-,-,Reinvestor / Shareholder Returns
BAJAJ-AUTO,2019-03,+,-,-,Reinvestor / Shareholder Returns
BAJAJ-AUTO,2020-03,+,+,-,Divestment / Debt Repayment
BAJAJ-AUTO,2021-03,+,-,-,Reinvestor / Shareholder Returns
BAJAJ-AUTO,2022-03,+,+,-,Divestment / Debt Repayment
BAJAJ-AUTO,2023-03,+,+,-,Divestment / Debt Repayment
BAJAJ-AUTO,2024-03,+,-,-,Reinvestor / Shareholder Returns
BAJAJ-AUTO,2024-09,+,+,+,Asset Liquidation / Cash Accumulation
BAJAJ-AUTO,PARSE_ERROR,+,+,+,Asset Liquidation / Cash Accumulation
BAJAJFINSV,2013-03,-,+,+,Distress / Liquidation
BAJAJFINSV,2014-03,-,+,+,Distress / Liquidation
BAJAJFINSV,2015-03,-,+,+,Distress / Liquidation
BAJAJFINSV,2016-03,-,-,+,External Funding for Operations
BAJAJFINSV,2017-03,-,+,+,Distress / Liquidation
BAJAJFINSV,2018-03,-,-,+,External Funding for Operations
BAJAJFINSV,2019-03,-,-,+,External Funding for Operations
BAJAJFINSV,2020-03,-,-,+,External Funding for Operations
BAJAJFINSV,2021-03,+,-,+,Growth Capital / Expansion
BAJAJFINSV,2022-03,-,+,+,Distress / Liquidation
BAJAJFINSV,2023-03,-,-,+,External Funding for Operations
BAJAJFINSV,2024-03,-,-,+,External Funding for Operations
BAJAJFINSV,2024-09,+,+,+,Asset Liquidation / Cash Accumulation
BAJAJFINSV,PARSE_ERROR,+,+,+,Asset Liquidation / Cash Accumulation
BAJAJHLDNG,2013-03,+,-,-,Reinvestor / Shareholder Returns
BAJAJHLDNG,2014-03,+,-,-,Reinvestor / Shareholder Returns
BAJAJHLDNG,2015-03,+,-,-,Reinvestor / Shareholder Returns
BAJAJHLDNG,2016-03,+,+,-,Divestment / Debt Repayment
BAJAJHLDNG,2017-03,-,-,-,Cash Burn / High Stress
BAJAJHLDNG,2018-03,+,-,-,Reinvestor / Shareholder Returns
BAJAJHLDNG,2019-03,+,-,-,Reinvestor / Shareholder Returns
BAJAJHLDNG,2020-03,+,-,-,Reinvestor / Shareholder Returns
BAJAJHLDNG,2021-03,+,-,-,Reinvestor / Shareholder Returns
BAJAJHLDNG,2022-03,+,-,-,Reinvestor / Shareholder Returns
BAJAJHLDNG,2023-03,+,-,-,Reinvestor / Shareholder Returns
BAJAJHLDNG,2024-03,+,-,-,Reinvestor / Shareholder Returns
BAJAJHLDNG,2024-09,+,+,+,Asset Liquidation / Cash Accumulation
BAJAJHLDNG,PARSE_ERROR,+,+,+,Asset Liquidation / Cash Accumulation
BAJFINANCE,2015-03,-,-,+,External Funding for Operations
BAJFINANCE,2016-03,-,-,+,External Funding for Operations
BAJFINANCE,2017-03,-,-,+,External Funding for Operations
BAJFINANCE,2018-03,-,+,+,Distress / Liquidation
BAJFINANCE,2019-03,-,-,+,External Funding for Operations
BAJFINANCE,2020-03,-,-,+,External Funding for Operations
BAJFINANCE,2021-03,-,-,+,External Funding for Operations
BAJFINANCE,2022-03,-,+,+,Distress / Liquidation
BAJFINANCE,2023-03,-,-,+,External Funding for Operations
BAJFINANCE,2024-03,-,-,+,External Funding for Operations
BAJFINANCE,2024-09,+,+,+,Asset Liquidation / Cash Accumulation
BAJFINANCE,PARSE_ERROR,+,+,+,Asset Liquidation / Cash Accumulation
BANKBARODA,2013-03,+,-,-,Reinvestor / Shareholder Returns
BANKBARODA,2014-03,+,-,+,Growth Capital / Expansion
BANKBARODA,2015-03,+,-,-,Reinvestor / Shareholder Returns
BANKBARODA,2016-03,-,-,-,Cash Burn / High Stress
BANKBARODA,2017-03,+,-,-,Reinvestor / Shareholder Returns
BANKBARODA,2018-03,-,-,+,External Funding for Operations
BANKBARODA,2019-03,-,-,+,External Funding for Operations
BANKBARODA,2020-03,+,-,+,Growth Capital / Expansion
BANKBARODA,2021-03,-,-,-,Cash Burn / High Stress
BANKBARODA,2022-03,+,-,-,Reinvestor / Shareholder Returns
BANKBARODA,2023-03,-,-,-,Cash Burn / High Stress
BANKBARODA,2024-03,-,-,+,External Funding for Operations
BANKBARODA,PARSE_ERROR,+,+,+,Asset Liquidation / Cash Accumulation
BEL,2013-03,-,+,-,Asset Sale / Debt Repayment
BEL,2014-03,-,+,-,Asset Sale / Debt Repayment
BEL,2015-03,+,-,-,Reinvestor / Shareholder Returns
BEL,2016-03,+,-,-,Reinvestor / Shareholder Returns
BEL,2017-03,-,+,-,Asset Sale / Debt Repayment
BEL,2018-03,-,-,-,Cash Burn / High Stress
BEL,2019-03,+,-,-,Reinvestor / Shareholder Returns
BEL,2020-03,+,-,-,Reinvestor / Shareholder Returns
BEL,2021-03,+,-,-,Reinvestor / Shareholder Returns
BEL,2022-03,+,-,-,Reinvestor / Shareholder Returns
BEL,2023-03,+,+,-,Divestment / Debt Repayment
BEL,2024-03,+,-,-,Reinvestor / Shareholder Returns
BEL,2024-09,+,+,+,Asset Liquidation / Cash Accumulation
BEL,PARSE_ERROR,+,+,+,Asset Liquidation / Cash Accumulation
BHARTIARTL,2013-03,+,-,-,Reinvestor / Shareholder Returns
BHARTIARTL,2014-03,+,-,+,Growth Capital / Expansion
BHARTIARTL,2015-03,+,-,-,Reinvestor / Shareholder Returns
BHARTIARTL,2016-03,+,-,-,Reinvestor / Shareholder Returns
BHARTIARTL,2017-03,+,-,-,Reinvestor / Shareholder Returns
BHARTIARTL,2018-03,+,-,+,Growth Capital / Expansion
BHARTIARTL,2019-03,+,-,+,Growth Capital / Expansion
BHARTIARTL,2020-03,+,-,+,Growth Capital / Expansion
BHARTIARTL,2021-03,+,-,-,Reinvestor / Shareholder Returns
BHARTIARTL,2022-03,+,-,-,Reinvestor / Shareholder Returns
BHARTIARTL,2023-03,+,-,-,Reinvestor / Shareholder Returns
BHARTIARTL,2024-03,+,-,-,Reinvestor / Shareholder Returns
BHARTIARTL,2024-09,+,+,+,Asset Liquidation / Cash Accumulation
BHARTIARTL,PARSE_ERROR,+,+,+,Asset Liquidation / Cash Accumulation
BHEL,2013-03,+,-,+,Growth Capital / Expansion
BHEL,2014-03,+,-,+,Growth Capital / Expansion
BHEL,2015-03,+,+,-,Divestment / Debt Repayment
BHEL,2016-03,+,+,-,Divestment / Debt Repayment
BHEL,2017-03,+,-,-,Reinvestor / Shareholder Returns
BHEL,2018-03,+,+,-,Divestment / Debt Repayment
BHEL,2019-03,-,+,-,Asset Sale / Debt Repayment
BHEL,2020-03,-,+,+,Distress / Liquidation
BHEL,2021-03,+,-,-,Reinvestor / Shareholder Returns
BHEL,2022-03,+,-,-,Reinvestor / Shareholder Returns
BHEL,2023-03,-,+,+,Distress / Liquidation
BHEL,2024-03,-,+,+,Distress / Liquidation
BHEL,2024-09,+,+,+,Asset Liquidation / Cash Accumulation
BHEL,PARSE_ERROR,+,+,+,Asset Liquidation / Cash Accumulation
BOSCHLTD,2012-12,+,-,-,Reinvestor / Shareholder Returns
BOSCHLTD,2013-12,+,-,-,Reinvestor / Shareholder Returns
BOSCHLTD,2015-03,+,-,-,Reinvestor / Shareholder Returns
BOSCHLTD,2016-03,+,-,-,Reinvestor / Shareholder Returns
BOSCHLTD,2017-03,+,+,-,Divestment / Debt Repayment
BOSCHLTD,2018-03,+,-,-,Reinvestor / Shareholder Returns
BOSCHLTD,2019-03,+,+,-,Divestment / Debt Repayment
BOSCHLTD,2020-03,+,-,-,Reinvestor / Shareholder Returns
BOSCHLTD,2021-03,+,-,-,Reinvestor / Shareholder Returns
BOSCHLTD,2022-03,+,-,-,Reinvestor / Shareholder Returns
BOSCHLTD,2023-03,+,+,-,Divestment / Debt Repayment
BOSCHLTD,2024-03,+,+,-,Divestment / Debt Repayment
BOSCHLTD,2024-09,+,+,+,Asset Liquidation / Cash Accumulation
BOSCHLTD,PARSE_ERROR,+,+,+,Asset Liquidation / Cash Accumulation
BPCL,2013-03,+,-,-,Reinvestor / Shareholder Returns
BPCL,2014-03,+,-,-,Reinvestor / Shareholder Returns
BPCL,2015-03,+,-,-,Reinvestor / Shareholder Returns
BPCL,2016-03,+,-,-,Reinvestor / Shareholder Returns
BPCL,2017-03,+,-,+,Growth Capital / Expansion
BPCL,2018-03,+,-,-,Reinvestor / Shareholder Returns
BPCL,2019-03,+,-,+,Growth Capital / Expansion
BPCL,2020-03,+,-,+,Growth Capital / Expansion
BPCL,2021-03,+,-,-,Reinvestor / Shareholder Returns
BPCL,2022-03,+,-,-,Reinvestor / Shareholder Returns
BPCL,2023-03,+,-,-,Reinvestor / Shareholder Returns
BPCL,2024-03,+,-,-,Reinvestor / Shareholder Returns
BPCL,2024-09,+,+,+,Asset Liquidation / Cash Accumulation
BPCL,PARSE_ERROR,+,+,+,Asset Liquidation / Cash Accumulation
BRITANNIA,2013-03,+,+,-,Divestment / Debt Repayment
BRITANNIA,2014-03,+,-,-,Reinvestor / Shareholder Returns
BRITANNIA,2015-03,+,-,-,Reinvestor / Shareholder Returns
BRITANNIA,2016-03,+,-,-,Reinvestor / Shareholder Returns
BRITANNIA,2017-03,+,-,-,Reinvestor / Shareholder Returns
BRITANNIA,2018-03,+,-,-,Reinvestor / Shareholder Returns
BRITANNIA,2019-03,+,-,-,Reinvestor / Shareholder Returns
BRITANNIA,2020-03,+,-,+,Growth Capital / Expansion
BRITANNIA,2021-03,+,+,-,Divestment / Debt Repayment
BRITANNIA,2022-03,+,+,-,Divestment / Debt Repayment
BRITANNIA,2023-03,+,-,-,Reinvestor / Shareholder Returns
BRITANNIA,2024-03,+,+,-,Divestment / Debt Repayment
BRITANNIA,2024-09,+,+,+,Asset Liquidation / Cash Accumulation
BRITANNIA,PARSE_ERROR,+,+,+,Asset Liquidation / Cash Accumulation
CANBK,2013-03,+,-,-,Reinvestor / Shareholder Returns
CANBK,2014-03,+,-,-,Reinvestor / Shareholder Returns
CANBK,2015-03,+,-,-,Reinvestor / Shareholder Returns
CANBK,2016-03,+,-,-,Reinvestor / Shareholder Returns
CANBK,2017-03,+,-,+,Growth Capital / Expansion
CANBK,2018-03,-,-,+,External Funding for Operations
CANBK,2019-03,+,-,-,Reinvestor / Shareholder Returns
CANBK,2020-03,-,-,+,External Funding for Operations
CANBK,2021-03,+,-,+,Growth Capital / Expansion
CANBK,2022-03,+,-,+,Growth Capital / Expansion
CANBK,2023-03,-,-,+,External Funding for Operations
CANBK,2024-03,+,-,-,Reinvestor / Shareholder Returns
CANBK,PARSE_ERROR,+,+,+,Asset Liquidation / Cash Accumulation
CHOLAFIN,2013-03,-,+,+,Distress / Liquidation
CHOLAFIN,2014-03,-,-,+,External Funding for Operations
CHOLAFIN,2015-03,-,-,+,External Funding for Operations
CHOLAFIN,2016-03,-,-,+,External Funding for Operations
CHOLAFIN,2017-03,-,-,+,External Funding for Operations
CHOLAFIN,2018-03,-,-,+,External Funding for Operations
CHOLAFIN,2019-03,-,-,+,External Funding for Operations
CHOLAFIN,2020-03,-,-,+,External Funding for Operations
CHOLAFIN,2021-03,-,-,+,External Funding for Operations
CHOLAFIN,2022-03,-,+,+,Distress / Liquidation
CHOLAFIN,2023-03,-,-,+,External Funding for Operations
CHOLAFIN,2024-03,-,-,+,External Funding for Operations
CHOLAFIN,2024-09,+,+,+,Asset Liquidation / Cash Accumulation
CHOLAFIN,PARSE_ERROR,+,+,+,Asset Liquidation / Cash Accumulation
CIPLA,2013-03,+,-,+,Growth Capital / Expansion
CIPLA,2014-03,+,-,-,Reinvestor / Shareholder Returns
CIPLA,2015-03,+,-,+,Growth Capital / Expansion
CIPLA,2016-03,+,-,+,Growth Capital / Expansion
CIPLA,2017-03,+,-,-,Reinvestor / Shareholder Returns
CIPLA,2018-03,+,-,-,Reinvestor / Shareholder Returns
CIPLA,2019-03,+,-,-,Reinvestor / Shareholder Returns
CIPLA,2020-03,+,+,-,Divestment / Debt Repayment
CIPLA,2021-03,+,-,-,Reinvestor / Shareholder Returns
CIPLA,2022-03,+,-,-,Reinvestor / Shareholder Returns
CIPLA,2023-03,+,-,-,Reinvestor / Shareholder Returns
CIPLA,2024-03,+,-,-,Reinvestor / Shareholder Returns
CIPLA,2024-09,+,+,+,Asset Liquidation / Cash Accumulation
CIPLA,PARSE_ERROR,+,+,+,Asset Liquidation / Cash Accumulation
COALINDIA,2013-03,+,-,-,Reinvestor / Shareholder Returns
COALINDIA,2014-03,+,+,-,Divestment / Debt Repayment
COALINDIA,2015-03,+,+,-,Divestment / Debt Repayment
COALINDIA,2016-03,+,+,-,Divestment / Debt Repayment
COALINDIA,2017-03,+,+,-,Divestment / Debt Repayment
COALINDIA,2018-03,+,-,-,Reinvestor / Shareholder Returns
COALINDIA,2019-03,+,-,-,Reinvestor / Shareholder Returns
COALINDIA,2020-03,+,+,-,Divestment / Debt Repayment
COALINDIA,2021-03,+,+,-,Divestment / Debt Repayment
COALINDIA,2022-03,+,-,-,Reinvestor / Shareholder Returns
COALINDIA,2023-03,+,-,-,Reinvestor / Shareholder Returns
COALINDIA,2024-03,+,-,-,Reinvestor / Shareholder Returns
COALINDIA,2024-09,+,+,+,Asset Liquidation / Cash Accumulation
COALINDIA,PARSE_ERROR,+,+,+,Asset Liquidation / Cash Accumulation
DABUR,2013-03,+,-,-,Reinvestor / Shareholder Returns
DABUR,2014-03,+,-,-,Reinvestor / Shareholder Returns
DABUR,2015-03,+,-,-,Reinvestor / Shareholder Returns
DABUR,2016-03,+,-,-,Reinvestor / Shareholder Returns
DABUR,2017-03,+,-,-,Reinvestor / Shareholder Returns
DABUR,2018-03,+,-,-,Reinvestor / Shareholder Returns
DABUR,2019-03,+,+,-,Divestment / Debt Repayment
DABUR,2020-03,+,-,-,Reinvestor / Shareholder Returns
DABUR,2021-03,+,-,-,Reinvestor / Shareholder Returns
DABUR,2022-03,+,-,-,Reinvestor / Shareholder Returns
DABUR,2023-03,+,-,-,Reinvestor / Shareholder Returns
DABUR,2024-03,+,-,-,Reinvestor / Shareholder Returns
DABUR,2024-09,+,+,+,Asset Liquidation / Cash Accumulation
DABUR,PARSE_ERROR,+,+,+,Asset Liquidation / Cash Accumulation
DIVISLAB,2013-03,+,-,-,Reinvestor / Shareholder Returns
DIVISLAB,2014-03,+,-,-,Reinvestor / Shareholder Returns
DIVISLAB,2015-03,+,-,-,Reinvestor / Shareholder Returns
DIVISLAB,2016-03,+,-,-,Reinvestor / Shareholder Returns
DIVISLAB,2017-03,+,-,+,Growth Capital / Expansion
DIVISLAB,2018-03,+,-,-,Reinvestor / Shareholder Returns
DIVISLAB,2019-03,+,-,-,Reinvestor / Shareholder Returns
DIVISLAB,2020-03,+,-,-,Reinvestor / Shareholder Returns
DIVISLAB,2021-03,+,+,-,Divestment / Debt Repayment
DIVISLAB,2022-03,+,-,-,Reinvestor / Shareholder Returns
DIVISLAB,2023-03,+,-,-,Reinvestor / Shareholder Returns
DIVISLAB,2024-03,+,-,-,Reinvestor / Shareholder Returns
DIVISLAB,2024-09,+,+,+,Asset Liquidation / Cash Accumulation
DIVISLAB,PARSE_ERROR,+,+,+,Asset Liquidation / Cash Accumulation
DLF,2013-03,+,+,-,Divestment / Debt Repayment
DLF,2014-03,+,+,-,Divestment / Debt Repayment
DLF,2015-03,+,+,-,Divestment / Debt Repayment
DLF,2016-03,+,-,-,Reinvestor / Shareholder Returns
DLF,2017-03,-,+,+,Distress / Liquidation
DLF,2018-03,+,-,-,Reinvestor / Shareholder Returns
DLF,2019-03,+,+,+,Asset Liquidation / Cash Accumulation
DLF,2020-03,+,+,-,Divestment / Debt Repayment
DLF,2021-03,+,+,-,Divestment / Debt Repayment
DLF,2022-03,+,+,-,Divestment / Debt Repayment
DLF,2023-03,+,-,-,Reinvestor / Shareholder Returns
DLF,2024-03,+,-,+,Growth Capital / Expansion
DLF,2024-09,+,+,+,Asset Liquidation / Cash Accumulation
DLF,PARSE_ERROR,+,+,+,Asset Liquidation / Cash Accumulation
DMART,2013-03,+,-,+,Growth Capital / Expansion
DMART,2014-03,+,-,+,Growth Capital / Expansion
DMART,2015-03,+,-,+,Growth Capital / Expansion
DMART,2016-03,+,-,+,Growth Capital / Expansion
DMART,2017-03,+,-,+,Growth Capital / Expansion
DMART,2018-03,+,+,-,Divestment / Debt Repayment
DMART,2019-03,+,-,+,Growth Capital / Expansion
DMART,2020-03,+,-,+,Growth Capital / Expansion
DMART,2021-03,+,-,-,Reinvestor / Shareholder Returns
DMART,2022-03,+,-,-,Reinvestor / Shareholder Returns
DMART,2023-03,+,-,-,Reinvestor / Shareholder Returns
DMART,2024-03,+,-,-,Reinvestor / Shareholder Returns
DMART,2024-09,+,+,+,Asset Liquidation / Cash Accumulation
DMART,PARSE_ERROR,+,+,+,Asset Liquidation / Cash Accumulation
DRREDDY,2013-03,+,-,-,Reinvestor / Shareholder Returns
DRREDDY,2014-03,+,-,-,Reinvestor / Shareholder Returns
DRREDDY,2015-03,+,-,-,Reinvestor / Shareholder Returns
DRREDDY,2016-03,+,-,-,Reinvestor / Shareholder Returns
DRREDDY,2017-03,+,-,-,Reinvestor / Shareholder Returns
DRREDDY,2018-03,+,-,-,Reinvestor / Shareholder Returns
DRREDDY,2019-03,+,-,-,Reinvestor / Shareholder Returns
DRREDDY,2020-03,+,-,-,Reinvestor / Shareholder Returns
DRREDDY,2021-03,+,-,-,Reinvestor / Shareholder Returns
DRREDDY,2022-03,+,-,-,Reinvestor / Shareholder Returns
DRREDDY,2023-03,+,-,-,Reinvestor / Shareholder Returns
DRREDDY,2024-03,+,-,-,Reinvestor / Shareholder Returns
DRREDDY,2024-09,+,+,+,Asset Liquidation / Cash Accumulation
DRREDDY,PARSE_ERROR,+,+,+,Asset Liquidation / Cash Accumulation
EICHERMOT,2012-12,+,-,-,Reinvestor / Shareholder Returns
EICHERMOT,2013-12,+,-,-,Reinvestor / Shareholder Returns
EICHERMOT,2014-12,+,-,-,Reinvestor / Shareholder Returns
EICHERMOT,2016-03,+,-,-,Reinvestor / Shareholder Returns
EICHERMOT,2017-03,+,-,+,Growth Capital / Expansion
EICHERMOT,2018-03,+,-,-,Reinvestor / Shareholder Returns
EICHERMOT,2019-03,+,-,-,Reinvestor / Shareholder Returns
EICHERMOT,2020-03,+,-,-,Reinvestor / Shareholder Returns
EICHERMOT,2021-03,+,-,-,Reinvestor / Shareholder Returns
EICHERMOT,2022-03,+,-,-,Reinvestor / Shareholder Returns
EICHERMOT,2023-03,+,-,-,Reinvestor / Shareholder Returns
EICHERMOT,2024-03,+,-,-,Reinvestor / Shareholder Returns
EICHERMOT,2024-09,+,+,+,Asset Liquidation / Cash Accumulation
EICHERMOT,PARSE_ERROR,+,+,+,Asset Liquidation / Cash Accumulation
GAIL,2013-03,+,-,+,Growth Capital / Expansion
GAIL,2014-03,+,-,-,Reinvestor / Shareholder Returns
GAIL,2015-03,+,-,-,Reinvestor / Shareholder Returns
GAIL,2016-03,+,-,-,Reinvestor / Shareholder Returns
GAIL,2017-03,+,-,-,Reinvestor / Shareholder Returns
GAIL,2018-03,+,-,-,Reinvestor / Shareholder Returns
GAIL,2019-03,+,-,-,Reinvestor / Shareholder Returns
GAIL,2020-03,+,-,+,Growth Capital / Expansion
GAIL,2021-03,+,-,-,Reinvestor / Shareholder Returns
GAIL,2022-03,+,-,-,Reinvestor / Shareholder Returns
GAIL,2023-03,+,-,+,Growth Capital / Expansion
GAIL,2024-03,+,-,-,Reinvestor / Shareholder Returns
GAIL,2024-09,+,+,+,Asset Liquidation / Cash Accumulation
GAIL,PARSE_ERROR,+,+,+,Asset Liquidation / Cash Accumulation
GODREJCP,2013-03,+,-,+,Growth Capital / Expansion
GODREJCP,2014-03,+,-,-,Reinvestor / Shareholder Returns
GODREJCP,2015-03,+,-,-,Reinvestor / Shareholder Returns
GODREJCP,2016-03,+,-,-,Reinvestor / Shareholder Returns
GODREJCP,2017-03,+,-,+,Growth Capital / Expansion
GODREJCP,2018-03,+,-,-,Reinvestor / Shareholder Returns
GODREJCP,2019-03,+,+,-,Divestment / Debt Repayment
GODREJCP,2020-03,+,-,-,Reinvestor / Shareholder Returns
GODREJCP,2021-03,+,-,-,Reinvestor / Shareholder Returns
GODREJCP,2022-03,+,-,-,Reinvestor / Shareholder Returns
GODREJCP,2023-03,+,-,-,Reinvestor / Shareholder Returns
GODREJCP,2024-03,+,-,+,Growth Capital / Expansion
GODREJCP,2024-09,+,+,+,Asset Liquidation / Cash Accumulation
GODREJCP,PARSE_ERROR,+,+,+,Asset Liquidation / Cash Accumulation
GRASIM,2013-03,+,-,+,Growth Capital / Expansion
GRASIM,2014-03,+,-,-,Reinvestor / Shareholder Returns
GRASIM,2015-03,+,-,-,Reinvestor / Shareholder Returns
GRASIM,2016-03,+,-,-,Reinvestor / Shareholder Returns
GRASIM,2017-03,+,-,-,Reinvestor / Shareholder Returns
GRASIM,2018-03,-,+,+,Distress / Liquidation
GRASIM,2019-03,-,-,+,External Funding for Operations
GRASIM,2020-03,+,-,-,Reinvestor / Shareholder Returns
GRASIM,2021-03,+,-,-,Reinvestor / Shareholder Returns
GRASIM,2022-03,+,-,-,Reinvestor / Shareholder Returns
GRASIM,2023-03,-,-,+,External Funding for Operations
GRASIM,2024-03,-,-,+,External Funding for Operations
GRASIM,2024-09,+,+,+,Asset Liquidation / Cash Accumulation
GRASIM,PARSE_ERROR,+,+,+,Asset Liquidation / Cash Accumulation
HAL,2013-03,+,+,+,Asset Liquidation / Cash Accumulation
HAL,2014-03,+,+,+,Asset Liquidation / Cash Accumulation
HAL,2015-03,+,+,+,Asset Liquidation / Cash Accumulation
HAL,2016-03,+,+,+,Asset Liquidation / Cash Accumulation
HAL,2017-03,-,+,-,Asset Sale / Debt Repayment
HAL,2018-03,-,+,-,Asset Sale / Debt Repayment
HAL,2019-03,-,+,+,Distress / Liquidation
HAL,2020-03,+,-,+,Growth Capital / Expansion
HAL,2021-03,+,-,-,Reinvestor / Shareholder Returns
HAL,2022-03,+,-,-,Reinvestor / Shareholder Returns
HAL,2023-03,+,-,-,Reinvestor / Shareholder Returns
HAL,2024-03,+,-,-,Reinvestor / Shareholder Returns
HAL,2024-09,+,+,+,Asset Liquidation / Cash Accumulation
HAL,PARSE_ERROR,+,+,+,Asset Liquidation / Cash Accumulation
HAVELLS,2013-03,+,-,-,Reinvestor / Shareholder Returns
HAVELLS,2014-03,+,-,-,Reinvestor / Shareholder Returns
HAVELLS,2015-03,+,-,-,Reinvestor / Shareholder Returns
HAVELLS,2016-03,+,-,-,Reinvestor / Shareholder Returns
HAVELLS,2017-03,+,-,-,Reinvestor / Shareholder Returns
HAVELLS,2018-03,+,-,-,Reinvestor / Shareholder Returns
HAVELLS,2019-03,+,+,-,Divestment / Debt Repayment
HAVELLS,2020-03,+,-,-,Reinvestor / Shareholder Returns
HAVELLS,2021-03,+,-,+,Growth Capital / Expansion
HAVELLS,2022-03,+,-,-,Reinvestor / Shareholder Returns
HAVELLS,2023-03,+,+,-,Divestment / Debt Repayment
HAVELLS,2024-03,+,-,-,Reinvestor / Shareholder Returns
HAVELLS,2024-09,+,+,+,Asset Liquidation / Cash Accumulation
HAVELLS,PARSE_ERROR,+,+,+,Asset Liquidation / Cash Accumulation
HCLTECH,2013-06,+,-,-,Reinvestor / Shareholder Returns
HCLTECH,2014-06,+,-,-,Reinvestor / Shareholder Returns
HCLTECH,2015-06,+,-,-,Reinvestor / Shareholder Returns
HCLTECH,2016-03,+,-,-,Reinvestor / Shareholder Returns
HCLTECH,2017-03,+,-,-,Reinvestor / Shareholder Returns
HCLTECH,2018-03,+,-,-,Reinvestor / Shareholder Returns
HCLTECH,2019-03,+,-,-,Reinvestor / Shareholder Returns
HCLTECH,2020-03,+,-,-,Reinvestor / Shareholder Returns
HCLTECH,2021-03,+,-,-,Reinvestor / Shareholder Returns
HCLTECH,2022-03,+,+,-,Divestment / Debt Repayment
HCLTECH,2023-03,+,-,-,Reinvestor / Shareholder Returns
HCLTECH,2024-03,+,-,-,Reinvestor / Shareholder Returns
HCLTECH,2024-09,+,+,+,Asset Liquidation / Cash Accumulation
HCLTECH,PARSE_ERROR,+,+,+,Asset Liquidation / Cash Accumulation
HDFCBANK,2013-03,-,-,+,External Funding for Operations
HDFCBANK,2014-03,+,-,+,Growth Capital / Expansion
HDFCBANK,2015-03,-,-,+,External Funding for Operations
HDFCBANK,2016-03,-,-,+,External Funding for Operations
HDFCBANK,2017-03,+,-,-,Reinvestor / Shareholder Returns
HDFCBANK,2018-03,+,-,+,Growth Capital / Expansion
HDFCBANK,2019-03,-,-,+,External Funding for Operations
HDFCBANK,2020-03,-,-,+,External Funding for Operations
HDFCBANK,2021-03,+,-,-,Reinvestor / Shareholder Returns
HDFCBANK,2022-03,-,-,+,External Funding for Operations
HDFCBANK,2023-03,+,-,+,Growth Capital / Expansion
HDFCBANK,2024-03,+,+,-,Divestment / Debt Repayment
HDFCBANK,PARSE_ERROR,+,+,+,Asset Liquidation / Cash Accumulation
HDFCLIFE,2013-03,+,+,+,Asset Liquidation / Cash Accumulation
HDFCLIFE,2014-03,+,+,+,Asset Liquidation / Cash Accumulation
HDFCLIFE,2015-03,+,-,-,Reinvestor / Shareholder Returns
HDFCLIFE,2016-03,+,-,-,Reinvestor / Shareholder Returns
HDFCLIFE,2017-03,+,-,-,Reinvestor / Shareholder Returns
HDFCLIFE,2018-03,+,-,-,Reinvestor / Shareholder Returns
HDFCLIFE,2019-03,+,-,-,Reinvestor / Shareholder Returns
HDFCLIFE,2020-03,+,-,+,Growth Capital / Expansion
HDFCLIFE,2021-03,+,-,+,Growth Capital / Expansion
HDFCLIFE,2022-03,+,-,-,Reinvestor / Shareholder Returns
HDFCLIFE,2023-03,+,-,+,Growth Capital / Expansion
HDFCLIFE,2024-03,+,-,-,Reinvestor / Shareholder Returns
HDFCLIFE,2024-09,+,+,+,Asset Liquidation / Cash Accumulation
HDFCLIFE,PARSE_ERROR,+,+,+,Asset Liquidation / Cash Accumulation
HEROMOTOCO,2014-03,+,-,-,Reinvestor / Shareholder Returns
HEROMOTOCO,2015-03,+,+,-,Divestment / Debt Repayment
HEROMOTOCO,2016-03,+,-,-,Reinvestor / Shareholder Returns
HEROMOTOCO,2017-03,+,-,-,Reinvestor / Shareholder Returns
HEROMOTOCO,2018-03,+,-,-,Reinvestor / Shareholder Returns
HEROMOTOCO,2019-03,+,+,-,Divestment / Debt Repayment
HEROMOTOCO,2020-03,+,-,-,Reinvestor / Shareholder Returns
HEROMOTOCO,2021-03,+,-,-,Reinvestor / Shareholder Returns
HEROMOTOCO,2022-03,+,-,-,Reinvestor / Shareholder Returns
HEROMOTOCO,2023-03,+,-,-,Reinvestor / Shareholder Returns
HEROMOTOCO,2024-03,+,-,-,Reinvestor / Shareholder Returns
HEROMOTOCO,2024-09,+,+,+,Asset Liquidation / Cash Accumulation
HEROMOTOCO,PARSE_ERROR,+,+,+,Asset Liquidation / Cash Accumulation
HINDALCO,2013-03,+,-,+,Growth Capital / Expansion
HINDALCO,2014-03,+,-,+,Growth Capital / Expansion
HINDALCO,2015-03,+,-,-,Reinvestor / Shareholder Returns
HINDALCO,2016-03,+,-,-,Reinvestor / Shareholder Returns
HINDALCO,2017-03,+,-,-,Reinvestor / Shareholder Returns
HINDALCO,2018-03,+,+,-,Divestment / Debt Repayment
HINDALCO,2019-03,+,-,-,Reinvestor / Shareholder Returns
HINDALCO,2020-03,+,-,+,Growth Capital / Expansion
HINDALCO,2021-03,+,-,-,Reinvestor / Shareholder Returns
HINDALCO,2022-03,+,-,-,Reinvestor / Shareholder Returns
HINDALCO,2023-03,+,-,-,Reinvestor / Shareholder Returns
HINDALCO,2024-03,+,-,-,Reinvestor / Shareholder Returns
HINDALCO,2024-09,+,+,+,Asset Liquidation / Cash Accumulation
HINDALCO,PARSE_ERROR,+,+,+,Asset Liquidation / Cash Accumulation
HINDUNILVR,2013-03,+,+,-,Divestment / Debt Repayment
HINDUNILVR,2014-03,+,-,-,Reinvestor / Shareholder Returns
HINDUNILVR,2015-03,+,+,-,Divestment / Debt Repayment
HINDUNILVR,2016-03,+,-,-,Reinvestor / Shareholder Returns
HINDUNILVR,2017-03,+,-,-,Reinvestor / Shareholder Returns
HINDUNILVR,2018-03,+,-,-,Reinvestor / Shareholder Returns
HINDUNILVR,2019-03,+,-,-,Reinvestor / Shareholder Returns
HINDUNILVR,2020-03,+,+,-,Divestment / Debt Repayment
HINDUNILVR,2021-03,+,-,-,Reinvestor / Shareholder Returns
HINDUNILVR,2022-03,+,-,-,Reinvestor / Shareholder Returns
HINDUNILVR,2023-03,+,-,-,Reinvestor / Shareholder Returns
HINDUNILVR,2024-03,+,-,-,Reinvestor / Shareholder Returns
HINDUNILVR,2024-09,+,+,+,Asset Liquidation / Cash Accumulation
HINDUNILVR,PARSE_ERROR,+,+,+,Asset Liquidation / Cash Accumulation
ICICIBANK,2013-03,+,-,+,Growth Capital / Expansion
ICICIBANK,2014-03,+,-,+,Growth Capital / Expansion
ICICIBANK,2015-03,-,-,+,External Funding for Operations
ICICIBANK,2016-03,+,-,+,Growth Capital / Expansion
ICICIBANK,2017-03,+,-,-,Reinvestor / Shareholder Returns
ICICIBANK,2018-03,+,-,+,Growth Capital / Expansion
ICICIBANK,2019-03,+,-,-,Reinvestor / Shareholder Returns
ICICIBANK,2020-03,+,-,+,Growth Capital / Expansion
ICICIBANK,2021-03,+,-,-,Reinvestor / Shareholder Returns
ICICIBANK,2022-03,+,-,+,Growth Capital / Expansion
ICICIBANK,2023-03,-,-,+,External Funding for Operations
ICICIBANK,2024-03,+,-,+,Growth Capital / Expansion
ICICIBANK,PARSE_ERROR,+,+,+,Asset Liquidation / Cash Accumulation
ICICIGI,2013-03,+,-,+,Growth Capital / Expansion
ICICIGI,2014-03,+,-,+,Growth Capital / Expansion
ICICIGI,2015-03,-,+,-,Asset Sale / Debt Repayment
ICICIGI,2016-03,+,-,-,Reinvestor / Shareholder Returns
ICICIGI,2017-03,+,-,+,Growth Capital / Expansion
ICICIGI,2018-03,+,-,-,Reinvestor / Shareholder Returns
ICICIGI,2019-03,+,-,-,Reinvestor / Shareholder Returns
ICICIGI,2020-03,+,-,-,Reinvestor / Shareholder Returns
ICICIGI,2021-03,+,-,-,Reinvestor / Shareholder Returns
ICICIGI,2022-03,+,+,-,Divestment / Debt Repayment
ICICIGI,2023-03,+,-,-,Reinvestor / Shareholder Returns
ICICIGI,2024-03,+,-,-,Reinvestor / Shareholder Returns
ICICIGI,2024-09,+,+,+,Asset Liquidation / Cash Accumulation
ICICIGI,PARSE_ERROR,+,+,+,Asset Liquidation / Cash Accumulation
ICICIPRULI,2013-03,-,+,-,Asset Sale / Debt Repayment
ICICIPRULI,2014-03,-,+,-,Asset Sale / Debt Repayment
ICICIPRULI,2015-03,+,-,-,Reinvestor / Shareholder Returns
ICICIPRULI,2016-03,+,+,-,Divestment / Debt Repayment
ICICIPRULI,2017-03,+,-,-,Reinvestor / Shareholder Returns
ICICIPRULI,2018-03,+,-,-,Reinvestor / Shareholder Returns
ICICIPRULI,2019-03,+,-,-,Reinvestor / Shareholder Returns
ICICIPRULI,2020-03,+,-,-,Reinvestor / Shareholder Returns
ICICIPRULI,2021-03,+,-,+,Growth Capital / Expansion
ICICIPRULI,2022-03,+,-,-,Reinvestor / Shareholder Returns
ICICIPRULI,2023-03,+,-,-,Reinvestor / Shareholder Returns
ICICIPRULI,2024-03,-,+,-,Asset Sale / Debt Repayment
ICICIPRULI,2024-09,+,+,+,Asset Liquidation / Cash Accumulation
ICICIPRULI,PARSE_ERROR,+,+,+,Asset Liquidation / Cash Accumulation
INDIGO,2013-03,+,-,+,Growth Capital / Expansion
INDIGO,2014-03,+,-,+,Growth Capital / Expansion
INDIGO,2015-03,+,-,-,Reinvestor / Shareholder Returns
INDIGO,2016-03,+,-,-,Reinvestor / Shareholder Returns
INDIGO,2017-03,+,-,-,Reinvestor / Shareholder Returns
INDIGO,2018-03,+,-,+,Growth Capital / Expansion
INDIGO,2019-03,+,-,-,Reinvestor / Shareholder Returns
INDIGO,2020-03,+,-,-,Reinvestor / Shareholder Returns
INDIGO,2021-03,-,+,-,Asset Sale / Debt Repayment
INDIGO,2022-03,+,+,-,Divestment / Debt Repayment
INDIGO,2023-03,+,-,-,Reinvestor / Shareholder Returns
INDIGO,2024-03,+,-,-,Reinvestor / Shareholder Returns
INDIGO,2024-09,+,+,+,Asset Liquidation / Cash Accumulation
INDIGO,PARSE_ERROR,+,+,+,Asset Liquidation / Cash Accumulation
INDUSINDBK,2013-03,-,-,+,External Funding for Operations
INDUSINDBK,2014-03,-,-,+,External Funding for Operations
INDUSINDBK,2015-03,-,-,+,External Funding for Operations
INDUSINDBK,2016-03,-,-,+,External Funding for Operations
INDUSINDBK,2017-03,+,-,-,Reinvestor / Shareholder Returns
INDUSINDBK,2018-03,-,-,+,External Funding for Operations
INDUSINDBK,2019-03,-,-,+,External Funding for Operations
INDUSINDBK,2020-03,-,+,+,Distress / Liquidation
INDUSINDBK,2021-03,+,-,-,Reinvestor / Shareholder Returns
INDUSINDBK,2022-03,+,-,-,Reinvestor / Shareholder Returns
INDUSINDBK,2023-03,-,-,+,External Funding for Operations
INDUSINDBK,2024-03,-,-,-,Cash Burn / High Stress
INDUSINDBK,PARSE_ERROR,+,+,+,Asset Liquidation / Cash Accumulation
INFY,2013-03,+,-,-,Reinvestor / Shareholder Returns
INFY,2014-03,+,-,-,Reinvestor / Shareholder Returns
INFY,2015-03,+,+,-,Divestment / Debt Repayment
INFY,2016-03,+,-,-,Reinvestor / Shareholder Returns
INFY,2017-03,+,-,-,Reinvestor / Shareholder Returns
INFY,2018-03,+,+,-,Divestment / Debt Repayment
INFY,2019-03,+,-,-,Reinvestor / Shareholder Returns
INFY,2020-03,+,-,-,Reinvestor / Shareholder Returns
INFY,2021-03,+,-,-,Reinvestor / Shareholder Returns
INFY,2022-03,+,-,-,Reinvestor / Shareholder Returns
INFY,2023-03,+,-,-,Reinvestor / Shareholder Returns
INFY,2024-03,+,-,-,Reinvestor / Shareholder Returns
INFY,2024-09,+,+,+,Asset Liquidation / Cash Accumulation
INFY,PARSE_ERROR,+,+,+,Asset Liquidation / Cash Accumulation
IOC,2013-03,+,-,+,Growth Capital / Expansion
IOC,2014-03,+,-,-,Reinvestor / Shareholder Returns
IOC,2015-03,+,-,-,Reinvestor / Shareholder Returns
IOC,2016-03,+,-,-,Reinvestor / Shareholder Returns
IOC,2017-03,+,-,-,Reinvestor / Shareholder Returns
IOC,2018-03,+,-,-,Reinvestor / Shareholder Returns
IOC,2019-03,+,-,+,Growth Capital / Expansion
IOC,2020-03,+,-,+,Growth Capital / Expansion
IOC,2021-03,+,-,-,Reinvestor / Shareholder Returns
IOC,2022-03,+,-,-,Reinvestor / Shareholder Returns
IOC,2023-03,+,-,-,Reinvestor / Shareholder Returns
IOC,2024-03,+,-,-,Reinvestor / Shareholder Returns
IOC,2024-09,+,+,+,Asset Liquidation / Cash Accumulation
IOC,PARSE_ERROR,+,+,+,Asset Liquidation / Cash Accumulation
IRCTC,2015-03,+,-,-,Reinvestor / Shareholder Returns
IRCTC,2016-03,+,+,-,Divestment / Debt Repayment
IRCTC,2017-03,+,+,-,Divestment / Debt Repayment
IRCTC,2018-03,+,+,-,Divestment / Debt Repayment
IRCTC,2019-03,+,-,-,Reinvestor / Shareholder Returns
IRCTC,2020-03,+,+,-,Divestment / Debt Repayment
IRCTC,2021-03,+,-,-,Reinvestor / Shareholder Returns
IRCTC,2022-03,+,-,-,Reinvestor / Shareholder Returns
IRCTC,2023-03,+,-,-,Reinvestor / Shareholder Returns
IRCTC,2024-03,+,-,-,Reinvestor / Shareholder Returns
IRCTC,2024-09,+,+,+,Asset Liquidation / Cash Accumulation
IRCTC,PARSE_ERROR,+,+,+,Asset Liquidation / Cash Accumulation
IRFC,2013-03,+,+,+,Asset Liquidation / Cash Accumulation
IRFC,2014-03,+,+,+,Asset Liquidation / Cash Accumulation
IRFC,2015-03,+,+,+,Asset Liquidation / Cash Accumulation
IRFC,2016-03,-,+,+,Distress / Liquidation
IRFC,2017-03,-,+,+,Distress / Liquidation
IRFC,2018-03,-,+,+,Distress / Liquidation
IRFC,2019-03,-,+,+,Distress / Liquidation
IRFC,2020-03,-,+,+,Distress / Liquidation
IRFC,2021-03,-,+,+,Distress / Liquidation
IRFC,2022-03,-,-,+,External Funding for Operations
IRFC,2023-03,-,+,+,Distress / Liquidation
IRFC,2024-03,+,-,-,Reinvestor / Shareholder Returns
IRFC,2024-09,+,+,+,Asset Liquidation / Cash Accumulation
IRFC,PARSE_ERROR,+,+,+,Asset Liquidation / Cash Accumulation
ITC,2013-03,+,-,-,Reinvestor / Shareholder Returns
ITC,2014-03,+,-,-,Reinvestor / Shareholder Returns
ITC,2015-03,+,-,-,Reinvestor / Shareholder Returns
ITC,2016-03,+,-,-,Reinvestor / Shareholder Returns
ITC,2017-03,+,-,-,Reinvestor / Shareholder Returns
ITC,2018-03,+,-,-,Reinvestor / Shareholder Returns
ITC,2019-03,+,-,-,Reinvestor / Shareholder Returns
ITC,2020-03,+,-,-,Reinvestor / Shareholder Returns
ITC,2021-03,+,+,-,Divestment / Debt Repayment
ITC,2022-03,+,-,-,Reinvestor / Shareholder Returns
ITC,2023-03,+,-,-,Reinvestor / Shareholder Returns
ITC,2024-03,+,+,-,Divestment / Debt Repayment
ITC,2024-09,+,+,+,Asset Liquidation / Cash Accumulation
ITC,PARSE_ERROR,+,+,+,Asset Liquidation / Cash Accumulation
JINDALSTEL,2013-03,+,-,+,Growth Capital / Expansion
JINDALSTEL,2014-03,+,-,+,Growth Capital / Expansion
JINDALSTEL,2015-03,+,-,+,Growth Capital / Expansion
JINDALSTEL,2016-03,+,-,-,Reinvestor / Shareholder Returns
JINDALSTEL,2017-03,+,-,-,Reinvestor / Shareholder Returns
JINDALSTEL,2018-03,+,-,-,Reinvestor / Shareholder Returns
JINDALSTEL,2019-03,+,-,-,Reinvestor / Shareholder Returns
JINDALSTEL,2020-03,+,-,-,Reinvestor / Shareholder Returns
JINDALSTEL,2021-03,+,-,-,Reinvestor / Shareholder Returns
JINDALSTEL,2022-03,+,-,-,Reinvestor / Shareholder Returns
JINDALSTEL,2023-03,+,-,-,Reinvestor / Shareholder Returns
JINDALSTEL,2024-03,+,-,+,Growth Capital / Expansion
JINDALSTEL,2024-09,+,+,+,Asset Liquidation / Cash Accumulation
JINDALSTEL,PARSE_ERROR,+,+,+,Asset Liquidation / Cash Accumulation
JIOFIN,2023-03,+,-,-,Reinvestor / Shareholder Returns
JIOFIN,2024-03,-,+,-,Asset Sale / Debt Repayment
JIOFIN,2024-09,+,+,+,Asset Liquidation / Cash Accumulation
JIOFIN,PARSE_ERROR,+,+,+,Asset Liquidation / Cash Accumulation
JSWENERGY,2013-03,+,-,-,Reinvestor / Shareholder Returns
JSWENERGY,2014-03,+,-,-,Reinvestor / Shareholder Returns
JSWENERGY,2015-03,+,-,-,Reinvestor / Shareholder Returns
JSWENERGY,2016-03,+,-,-,Reinvestor / Shareholder Returns
JSWENERGY,2017-03,+,-,-,Reinvestor / Shareholder Returns
JSWENERGY,2018-03,+,-,-,Reinvestor / Shareholder Returns
JSWENERGY,2019-03,+,-,-,Reinvestor / Shareholder Returns
JSWENERGY,2020-03,+,+,-,Divestment / Debt Repayment
JSWENERGY,2021-03,+,-,-,Reinvestor / Shareholder Returns
JSWENERGY,2022-03,+,-,-,Reinvestor / Shareholder Returns
JSWENERGY,2023-03,+,-,+,Growth Capital / Expansion
JSWENERGY,2024-03,+,-,+,Growth Capital / Expansion
JSWENERGY,2024-09,+,+,+,Asset Liquidation / Cash Accumulation
JSWENERGY,PARSE_ERROR,+,+,+,Asset Liquidation / Cash Accumulation
JSWSTEEL,2013-03,+,-,-,Reinvestor / Shareholder Returns
JSWSTEEL,2014-03,+,-,+,Growth Capital / Expansion
JSWSTEEL,2015-03,+,-,-,Reinvestor / Shareholder Returns
JSWSTEEL,2016-03,+,-,-,Reinvestor / Shareholder Returns
JSWSTEEL,2017-03,+,-,-,Reinvestor / Shareholder Returns
JSWSTEEL,2018-03,+,-,-,Reinvestor / Shareholder Returns
JSWSTEEL,2019-03,+,-,+,Growth Capital / Expansion
JSWSTEEL,2020-03,+,-,+,Growth Capital / Expansion
JSWSTEEL,2021-03,+,-,-,Reinvestor / Shareholder Returns
JSWSTEEL,2022-03,+,-,-,Reinvestor / Shareholder Returns
JSWSTEEL,2023-03,+,-,-,Reinvestor / Shareholder Returns
JSWSTEEL,2024-03,+,-,-,Reinvestor / Shareholder Returns
JSWSTEEL,2024-09,+,+,+,Asset Liquidation / Cash Accumulation
JSWSTEEL,PARSE_ERROR,+,+,+,Asset Liquidation / Cash Accumulation
KOTAKBANK,2013-03,+,-,+,Growth Capital / Expansion
KOTAKBANK,2014-03,+,-,-,Reinvestor / Shareholder Returns
KOTAKBANK,2015-03,+,-,+,Growth Capital / Expansion
KOTAKBANK,2016-03,+,-,+,Growth Capital / Expansion
KOTAKBANK,2017-03,+,-,+,Growth Capital / Expansion
KOTAKBANK,2018-03,-,-,+,External Funding for Operations
KOTAKBANK,2019-03,+,-,+,Growth Capital / Expansion
KOTAKBANK,2020-03,+,-,-,Reinvestor / Shareholder Returns
KOTAKBANK,2021-03,+,-,-,Reinvestor / Shareholder Returns
KOTAKBANK,2022-03,+,-,+,Growth Capital / Expansion
KOTAKBANK,2023-03,-,-,+,External Funding for Operations
KOTAKBANK,2024-03,+,-,+,Growth Capital / Expansion
KOTAKBANK,PARSE_ERROR,+,+,+,Asset Liquidation / Cash Accumulation
LICI,2019-03,+,+,-,Divestment / Debt Repayment
LICI,2020-03,+,-,-,Reinvestor / Shareholder Returns
LICI,2021-03,+,+,-,Divestment / Debt Repayment
LICI,2022-03,-,+,+,Distress / Liquidation
LICI,2023-03,+,-,-,Reinvestor / Shareholder Returns
LICI,2024-03,+,-,-,Reinvestor / Shareholder Returns
LICI,2024-09,+,+,+,Asset Liquidation / Cash Accumulation
LICI,PARSE_ERROR,+,+,+,Asset Liquidation / Cash Accumulation
LODHA,2011-03,+,+,+,Asset Liquidation / Cash Accumulation
LODHA,2012-03,+,+,+,Asset Liquidation / Cash Accumulation
LODHA,2015-03,+,+,+,Asset Liquidation / Cash Accumulation
LODHA,2016-03,+,-,+,Growth Capital / Expansion
LODHA,2017-03,+,-,-,Reinvestor / Shareholder Returns
LODHA,2018-03,+,-,+,Growth Capital / Expansion
LODHA,2019-03,-,-,+,External Funding for Operations
LODHA,2020-03,+,+,-,Divestment / Debt Repayment
LODHA,2021-03,+,+,-,Divestment / Debt Repayment
LODHA,2022-03,+,+,-,Divestment / Debt Repayment
LODHA,2023-03,+,+,-,Divestment / Debt Repayment
LODHA,2024-03,+,-,+,Growth Capital / Expansion
LODHA,2024-09,+,+,+,Asset Liquidation / Cash Accumulation
LODHA,PARSE_ERROR,+,+,+,Asset Liquidation / Cash Accumulation
LT,2013-03,-,-,+,External Funding for Operations
LT,2014-03,-,-,+,External Funding for Operations
LT,2015-03,-,-,+,External Funding for Operations
LT,2016-03,-,-,+,External Funding for Operations
LT,2017-03,+,-,+,Growth Capital / Expansion
LT,2018-03,-,+,+,Distress / Liquidation
LT,2019-03,-,-,+,External Funding for Operations
LT,2020-03,+,-,+,Growth Capital / Expansion
LT,2021-03,+,-,-,Reinvestor / Shareholder Returns
LT,2022-03,+,-,-,Reinvestor / Shareholder Returns
LT,2023-03,+,-,-,Reinvestor / Shareholder Returns
LT,2024-03,+,+,-,Divestment / Debt Repayment
LT,2024-09,+,+,+,Asset Liquidation / Cash Accumulation
LT,PARSE_ERROR,+,+,+,Asset Liquidation / Cash Accumulation
LTIM,2013-03,+,-,-,Reinvestor / Shareholder Returns
LTIM,2014-03,+,+,-,Divestment / Debt Repayment
LTIM,2015-03,+,-,-,Reinvestor / Shareholder Returns
LTIM,2016-03,+,-,-,Reinvestor / Shareholder Returns
LTIM,2017-03,+,-,-,Reinvestor / Shareholder Returns
LTIM,2018-03,+,-,-,Reinvestor / Shareholder Returns
LTIM,2019-03,+,-,-,Reinvestor / Shareholder Returns
LTIM,2020-03,+,-,-,Reinvestor / Shareholder Returns
LTIM,2021-03,+,-,-,Reinvestor / Shareholder Returns
LTIM,2022-03,+,-,-,Reinvestor / Shareholder Returns
LTIM,2023-03,+,-,-,Reinvestor / Shareholder Returns
LTIM,2024-03,+,-,-,Reinvestor / Shareholder Returns
LTIM,2024-09,+,+,+,Asset Liquidation / Cash Accumulation
LTIM,PARSE_ERROR,+,+,+,Asset Liquidation / Cash Accumulation
M&M,2013-03,-,-,+,External Funding for Operations
M&M,2014-03,-,-,+,External Funding for Operations
M&M,2015-03,+,-,+,Growth Capital / Expansion
M&M,2016-03,+,-,+,Growth Capital / Expansion
M&M,2017-03,+,-,+,Growth Capital / Expansion
M&M,2018-03,+,-,+,Growth Capital / Expansion
M&M,2019-03,-,-,+,External Funding for Operations
M&M,2020-03,-,-,+,External Funding for Operations
M&M,2021-03,+,-,+,Growth Capital / Expansion
M&M,2022-03,+,-,-,Reinvestor / Shareholder Returns
M&M,2023-03,-,-,+,External Funding for Operations
M&M,2024-03,-,-,+,External Funding for Operations
M&M,2024-09,+,+,+,Asset Liquidation / Cash Accumulation
M&M,PARSE_ERROR,+,+,+,Asset Liquidation / Cash Accumulation
MARUTI,2013-03,+,-,-,Reinvestor / Shareholder Returns
MARUTI,2014-03,+,-,-,Reinvestor / Shareholder Returns
MARUTI,2015-03,+,-,-,Reinvestor / Shareholder Returns
MARUTI,2016-03,+,-,-,Reinvestor / Shareholder Returns
MARUTI,2017-03,+,-,-,Reinvestor / Shareholder Returns
MARUTI,2018-03,+,-,-,Reinvestor / Shareholder Returns
MARUTI,2019-03,+,-,-,Reinvestor / Shareholder Returns
MARUTI,2020-03,+,-,-,Reinvestor / Shareholder Returns
MARUTI,2021-03,+,-,-,Reinvestor / Shareholder Returns
MARUTI,2022-03,+,-,-,Reinvestor / Shareholder Returns
MARUTI,2023-03,+,-,-,Reinvestor / Shareholder Returns
MARUTI,2024-03,+,-,-,Reinvestor / Shareholder Returns
MARUTI,2024-09,+,+,+,Asset Liquidation / Cash Accumulation
MARUTI,PARSE_ERROR,+,+,+,Asset Liquidation / Cash Accumulation
MOTHERSON,2013-03,+,-,-,Reinvestor / Shareholder Returns
MOTHERSON,2014-03,+,-,-,Reinvestor / Shareholder Returns
MOTHERSON,2015-03,+,-,+,Growth Capital / Expansion
MOTHERSON,2016-03,+,-,-,Reinvestor / Shareholder Returns
MOTHERSON,2017-03,+,-,+,Growth Capital / Expansion
MOTHERSON,2018-03,+,-,-,Reinvestor / Shareholder Returns
MOTHERSON,2019-03,+,-,-,Reinvestor / Shareholder Returns
MOTHERSON,2020-03,+,-,-,Reinvestor / Shareholder Returns
MOTHERSON,2021-03,+,-,-,Reinvestor / Shareholder Returns
MOTHERSON,2022-03,+,-,-,Reinvestor / Shareholder Returns
MOTHERSON,2023-03,+,-,-,Reinvestor / Shareholder Returns
MOTHERSON,2024-03,+,-,+,Growth Capital / Expansion
MOTHERSON,2024-09,+,+,+,Asset Liquidation / Cash Accumulation
MOTHERSON,PARSE_ERROR,+,+,+,Asset Liquidation / Cash Accumulation
NAUKRI,2013-03,+,-,-,Reinvestor / Shareholder Returns
NAUKRI,2014-03,+,-,+,Growth Capital / Expansion
NAUKRI,2015-03,+,-,+,Growth Capital / Expansion
NAUKRI,2016-03,+,-,-,Reinvestor / Shareholder Returns
NAUKRI,2017-03,+,-,-,Reinvestor / Shareholder Returns
NAUKRI,2018-03,+,-,-,Reinvestor / Shareholder Returns
NAUKRI,2019-03,+,-,-,Reinvestor / Shareholder Returns
NAUKRI,2020-03,+,+,-,Divestment / Debt Repayment
NAUKRI,2021-03,+,-,+,Growth Capital / Expansion
NAUKRI,2022-03,+,-,+,Growth Capital / Expansion
NAUKRI,2023-03,+,-,+,Growth Capital / Expansion
NAUKRI,2024-03,+,-,+,Growth Capital / Expansion
NAUKRI,2024-09,+,+,+,Asset Liquidation / Cash Accumulation
NAUKRI,PARSE_ERROR,+,+,+,Asset Liquidation / Cash Accumulation
NESTLEIND,2013-12,+,-,-,Reinvestor / Shareholder Returns
NESTLEIND,2014-12,+,-,-,Reinvestor / Shareholder Returns
NESTLEIND,2015-12,+,-,-,Reinvestor / Shareholder Returns
NESTLEIND,2016-12,+,-,-,Reinvestor / Shareholder Returns
NESTLEIND,2017-12,+,-,-,Reinvestor / Shareholder Returns
NESTLEIND,2018-12,+,-,-,Reinvestor / Shareholder Returns
NESTLEIND,2019-12,+,+,-,Divestment / Debt Repayment
NESTLEIND,2020-12,+,-,-,Reinvestor / Shareholder Returns
NESTLEIND,2021-12,+,-,-,Reinvestor / Shareholder Returns
NESTLEIND,2022-12,+,-,-,Reinvestor / Shareholder Returns
NESTLEIND,2023-12,+,-,-,Reinvestor / Shareholder Returns
NESTLEIND,2024-03,+,-,-,Reinvestor / Shareholder Returns
NESTLEIND,2024-09,+,+,+,Asset Liquidation / Cash Accumulation
NESTLEIND,PARSE_ERROR,+,+,+,Asset Liquidation / Cash Accumulation
NHPC,2013-03,+,-,-,Reinvestor / Shareholder Returns
NHPC,2014-03,+,-,-,Reinvestor / Shareholder Returns
NHPC,2015-03,+,-,-,Reinvestor / Shareholder Returns
NHPC,2016-03,+,-,-,Reinvestor / Shareholder Returns
NHPC,2017-03,+,-,-,Reinvestor / Shareholder Returns
NHPC,2018-03,+,-,-,Reinvestor / Shareholder Returns
NHPC,2019-03,+,-,-,Reinvestor / Shareholder Returns
NHPC,2020-03,+,-,+,Growth Capital / Expansion
NHPC,2021-03,+,-,-,Reinvestor / Shareholder Returns
NHPC,2022-03,+,-,-,Reinvestor / Shareholder Returns
NHPC,2023-03,+,-,-,Reinvestor / Shareholder Returns
NHPC,2024-03,+,-,-,Reinvestor / Shareholder Returns
NHPC,2024-09,+,+,+,Asset Liquidation / Cash Accumulation
NHPC,PARSE_ERROR,+,+,+,Asset Liquidation / Cash Accumulation
NTPC,2013-03,+,-,+,Growth Capital / Expansion
NTPC,2014-03,+,-,-,Reinvestor / Shareholder Returns
NTPC,2015-03,+,-,-,Reinvestor / Shareholder Returns
NTPC,2016-03,+,-,-,Reinvestor / Shareholder Returns
NTPC,2017-03,+,-,+,Growth Capital / Expansion
NTPC,2018-03,+,-,+,Growth Capital / Expansion
NTPC,2019-03,+,-,+,Growth Capital / Expansion
NTPC,2020-03,+,-,+,Growth Capital / Expansion
NTPC,2021-03,+,-,-,Reinvestor / Shareholder Returns
NTPC,2022-03,+,-,-,Reinvestor / Shareholder Returns
NTPC,2023-03,+,-,-,Reinvestor / Shareholder Returns
NTPC,2024-03,+,-,-,Reinvestor / Shareholder Returns
NTPC,2024-09,+,+,+,Asset Liquidation / Cash Accumulation
NTPC,PARSE_ERROR,+,+,+,Asset Liquidation / Cash Accumulation
ONGC,2013-03,+,-,-,Reinvestor / Shareholder Returns
ONGC,2014-03,+,-,+,Growth Capital / Expansion
ONGC,2015-03,+,-,-,Reinvestor / Shareholder Returns
ONGC,2016-03,+,-,-,Reinvestor / Shareholder Returns
ONGC,2017-03,+,-,-,Reinvestor / Shareholder Returns
ONGC,2018-03,+,-,+,Growth Capital / Expansion
ONGC,2019-03,+,-,-,Reinvestor / Shareholder Returns
ONGC,2020-03,+,-,-,Reinvestor / Shareholder Returns
ONGC,2021-03,+,-,-,Reinvestor / Shareholder Returns
ONGC,2022-03,+,-,-,Reinvestor / Shareholder Returns
ONGC,2023-03,+,-,-,Reinvestor / Shareholder Returns
ONGC,2024-03,+,-,-,Reinvestor / Shareholder Returns
ONGC,2024-09,+,+,+,Asset Liquidation / Cash Accumulation
ONGC,PARSE_ERROR,+,+,+,Asset Liquidation / Cash Accumulation
PFC,2013-03,-,+,+,Distress / Liquidation
PFC,2014-03,-,+,+,Distress / Liquidation
PFC,2015-03,-,-,+,External Funding for Operations
PFC,2016-03,-,-,+,External Funding for Operations
PFC,2017-03,+,-,+,Growth Capital / Expansion
PFC,2018-03,-,+,+,Distress / Liquidation
PFC,2019-03,-,-,+,External Funding for Operations
PFC,2020-03,-,-,+,External Funding for Operations
PFC,2021-03,-,+,+,Distress / Liquidation
PFC,2022-03,+,-,-,Reinvestor / Shareholder Returns
PFC,2023-03,-,-,+,External Funding for Operations
PFC,2024-03,-,-,+,External Funding for Operations
PFC,2024-09,+,+,+,Asset Liquidation / Cash Accumulation
PFC,PARSE_ERROR,+,+,+,Asset Liquidation / Cash Accumulation
PIDILITIND,2013-03,+,-,-,Reinvestor / Shareholder Returns
PIDILITIND,2014-03,+,-,-,Reinvestor / Shareholder Returns
PIDILITIND,2015-03,+,-,-,Reinvestor / Shareholder Returns
PIDILITIND,2016-03,+,-,-,Reinvestor / Shareholder Returns
PIDILITIND,2017-03,+,-,+,Growth Capital / Expansion
PIDILITIND,2018-03,+,+,-,Divestment / Debt Repayment
PIDILITIND,2019-03,+,-,-,Reinvestor / Shareholder Returns
PIDILITIND,2020-03,+,+,-,Divestment / Debt Repayment
PIDILITIND,2021-03,+,-,-,Reinvestor / Shareholder Returns
PIDILITIND,2022-03,+,-,-,Reinvestor / Shareholder Returns
PIDILITIND,2023-03,+,-,-,Reinvestor / Shareholder Returns
PIDILITIND,2024-03,+,-,-,Reinvestor / Shareholder Returns
PIDILITIND,2024-09,+,+,+,Asset Liquidation / Cash Accumulation
PIDILITIND,PARSE_ERROR,+,+,+,Asset Liquidation / Cash Accumulation
PNB,2013-03,-,-,-,Cash Burn / High Stress
PNB,2014-03,+,-,+,Growth Capital / Expansion
PNB,2015-03,+,-,+,Growth Capital / Expansion
PNB,2016-03,+,-,+,Growth Capital / Expansion
PNB,2017-03,+,+,-,Divestment / Debt Repayment
PNB,2018-03,-,+,+,Distress / Liquidation
PNB,2019-03,-,-,+,External Funding for Operations
PNB,2020-03,-,-,+,External Funding for Operations
PNB,2021-03,+,-,+,Growth Capital / Expansion
PNB,2022-03,+,-,+,Growth Capital / Expansion
PNB,2023-03,+,-,+,Growth Capital / Expansion
PNB,2024-03,-,-,+,External Funding for Operations
PNB,PARSE_ERROR,+,+,+,Asset Liquidation / Cash Accumulation
POWERGRID,2013-03,+,-,+,Growth Capital / Expansion
POWERGRID,2014-03,+,-,+,Growth Capital / Expansion
POWERGRID,2015-03,+,-,+,Growth Capital / Expansion
POWERGRID,2016-03,+,-,+,Growth Capital / Expansion
POWERGRID,2017-03,+,-,+,Growth Capital / Expansion
POWERGRID,2018-03,+,-,+,Growth Capital / Expansion
POWERGRID,2019-03,+,-,-,Reinvestor / Shareholder Returns
POWERGRID,2020-03,+,-,-,Reinvestor / Shareholder Returns
POWERGRID,2021-03,+,-,-,Reinvestor / Shareholder Returns
POWERGRID,2022-03,+,+,-,Divestment / Debt Repayment
POWERGRID,2023-03,+,-,-,Reinvestor / Shareholder Returns
POWERGRID,2024-03,+,-,-,Reinvestor / Shareholder Returns
POWERGRID,2024-09,+,+,+,Asset Liquidation / Cash Accumulation
POWERGRID,PARSE_ERROR,+,+,+,Asset Liquidation / Cash Accumulation
RECLTD,2013-03,-,+,+,Distress / Liquidation
RECLTD,2014-03,-,+,+,Distress / Liquidation
RECLTD,2015-03,-,+,+,Distress / Liquidation
RECLTD,2016-03,-,-,+,External Funding for Operations
RECLTD,2017-03,+,-,-,Reinvestor / Shareholder Returns
RECLTD,2018-03,-,+,+,Distress / Liquidation
RECLTD,2019-03,-,+,+,Distress / Liquidation
RECLTD,2020-03,-,+,+,Distress / Liquidation
RECLTD,2021-03,-,+,+,Distress / Liquidation
RECLTD,2022-03,-,-,+,External Funding for Operations
RECLTD,2023-03,-,-,+,External Funding for Operations
RECLTD,2024-03,-,-,+,External Funding for Operations
RECLTD,2024-09,+,+,+,Asset Liquidation / Cash Accumulation
RECLTD,PARSE_ERROR,+,+,+,Asset Liquidation / Cash Accumulation
RELIANCE,2013-03,+,-,+,Growth Capital / Expansion
RELIANCE,2014-03,+,-,+,Growth Capital / Expansion
RELIANCE,2015-03,+,-,+,Growth Capital / Expansion
RELIANCE,2016-03,+,-,-,Reinvestor / Shareholder Returns
RELIANCE,2017-03,+,-,+,Growth Capital / Expansion
RELIANCE,2018-03,+,-,-,Reinvestor / Shareholder Returns
RELIANCE,2019-03,+,-,+,Growth Capital / Expansion
RELIANCE,2020-03,+,-,-,Reinvestor / Shareholder Returns
RELIANCE,2021-03,+,-,+,Growth Capital / Expansion
RELIANCE,2022-03,+,-,+,Growth Capital / Expansion
RELIANCE,2023-03,+,-,+,Growth Capital / Expansion
RELIANCE,2024-03,+,-,-,Reinvestor / Shareholder Returns
RELIANCE,2024-09,+,+,+,Asset Liquidation / Cash Accumulation
RELIANCE,PARSE_ERROR,+,+,+,Asset Liquidation / Cash Accumulation
SBILIFE,2013-03,+,-,-,Reinvestor / Shareholder Returns
SBILIFE,2014-03,+,-,-,Reinvestor / Shareholder Returns
SBILIFE,2015-03,+,-,-,Reinvestor / Shareholder Returns
SBILIFE,2016-03,+,-,-,Reinvestor / Shareholder Returns
SBILIFE,2017-03,+,-,-,Reinvestor / Shareholder Returns
SBILIFE,2018-03,+,-,-,Reinvestor / Shareholder Returns
SBILIFE,2019-03,+,-,-,Reinvestor / Shareholder Returns
SBILIFE,2020-03,+,-,-,Reinvestor / Shareholder Returns
SBILIFE,2021-03,+,-,+,Growth Capital / Expansion
SBILIFE,2022-03,+,-,-,Reinvestor / Shareholder Returns
SBILIFE,2023-03,+,-,-,Reinvestor / Shareholder Returns
SBILIFE,2024-03,+,-,-,Reinvestor / Shareholder Returns
SBILIFE,2024-09,+,+,+,Asset Liquidation / Cash Accumulation
SBILIFE,PARSE_ERROR,+,+,+,Asset Liquidation / Cash Accumulation
SBIN,2013-03,+,-,-,Reinvestor / Shareholder Returns
SBIN,2014-03,+,-,+,Growth Capital / Expansion
SBIN,2015-03,+,-,-,Reinvestor / Shareholder Returns
SBIN,2016-03,+,-,+,Growth Capital / Expansion
SBIN,2017-03,+,-,-,Reinvestor / Shareholder Returns
SBIN,2018-03,-,+,+,Distress / Liquidation
SBIN,2019-03,+,+,+,Asset Liquidation / Cash Accumulation
SBIN,2020-03,+,-,+,Growth Capital / Expansion
SBIN,2021-03,+,-,+,Growth Capital / Expansion
SBIN,2022-03,+,-,-,Reinvestor / Shareholder Returns
SBIN,2023-03,-,-,+,External Funding for Operations
SBIN,2024-03,+,-,-,Reinvestor / Shareholder Returns
SBIN,PARSE_ERROR,+,+,+,Asset Liquidation / Cash Accumulation
SHREECEM,2013-06,+,-,-,Reinvestor / Shareholder Returns
SHREECEM,2014-06,+,-,-,Reinvestor / Shareholder Returns
SHREECEM,2015-06,+,-,-,Reinvestor / Shareholder Returns
SHREECEM,2016-03,+,-,-,Reinvestor / Shareholder Returns
SHREECEM,2017-03,+,-,-,Reinvestor / Shareholder Returns
SHREECEM,2018-03,+,-,+,Growth Capital / Expansion
SHREECEM,2019-03,+,-,-,Reinvestor / Shareholder Returns
SHREECEM,2020-03,+,-,+,Growth Capital / Expansion
SHREECEM,2021-03,+,-,-,Reinvestor / Shareholder Returns
SHREECEM,2022-03,+,-,-,Reinvestor / Shareholder Returns
SHREECEM,2023-03,+,-,-,Reinvestor / Shareholder Returns
SHREECEM,2024-03,+,-,-,Reinvestor / Shareholder Returns
SHREECEM,2024-09,+,+,+,Asset Liquidation / Cash Accumulation
SHREECEM,PARSE_ERROR,+,+,+,Asset Liquidation / Cash Accumulation
SHRIRAMFIN,2013-03,-,-,+,External Funding for Operations
SHRIRAMFIN,2014-03,-,-,+,External Funding for Operations
SHRIRAMFIN,2015-03,-,-,+,External Funding for Operations
SHRIRAMFIN,2016-03,-,-,+,External Funding for Operations
SHRIRAMFIN,2017-03,-,-,+,External Funding for Operations
SHRIRAMFIN,2018-03,-,+,+,Distress / Liquidation
SHRIRAMFIN,2019-03,-,-,+,External Funding for Operations
SHRIRAMFIN,2020-03,-,-,+,External Funding for Operations
SHRIRAMFIN,2021-03,-,-,+,External Funding for Operations
SHRIRAMFIN,2022-03,-,-,+,External Funding for Operations
SHRIRAMFIN,2023-03,-,+,+,Distress / Liquidation
SHRIRAMFIN,2024-03,-,-,+,External Funding for Operations
SHRIRAMFIN,2024-09,+,+,+,Asset Liquidation / Cash Accumulation
SHRIRAMFIN,PARSE_ERROR,+,+,+,Asset Liquidation / Cash Accumulation
SIEMENS,2011-09,+,+,-,Divestment / Debt Repayment
SIEMENS,2014-09,+,+,-,Divestment / Debt Repayment
SIEMENS,2015-09,+,+,-,Divestment / Debt Repayment
SIEMENS,2016-09,+,+,-,Divestment / Debt Repayment
SIEMENS,2017-09,+,+,-,Divestment / Debt Repayment
SIEMENS,2018-09,+,-,-,Reinvestor / Shareholder Returns
SIEMENS,2019-09,+,-,-,Reinvestor / Shareholder Returns
SIEMENS,2020-09,+,+,-,Divestment / Debt Repayment
SIEMENS,2021-09,+,-,-,Reinvestor / Shareholder Returns
SIEMENS,2022-09,+,-,-,Reinvestor / Shareholder Returns
SIEMENS,2023-09,+,-,-,Reinvestor / Shareholder Returns
SIEMENS,2024-09,+,-,-,Reinvestor / Shareholder Returns
SUNPHARMA,2013-03,+,-,-,Reinvestor / Shareholder Returns
SUNPHARMA,2014-03,+,-,+,Growth Capital / Expansion
SUNPHARMA,2015-03,+,-,-,Reinvestor / Shareholder Returns
SUNPHARMA,2016-03,+,-,-,Reinvestor / Shareholder Returns
SUNPHARMA,2017-03,+,-,-,Reinvestor / Shareholder Returns
SUNPHARMA,2018-03,+,-,-,Reinvestor / Shareholder Returns
SUNPHARMA,2019-03,+,-,-,Reinvestor / Shareholder Returns
SUNPHARMA,2020-03,+,-,-,Reinvestor / Shareholder Returns
SUNPHARMA,2021-03,+,+,-,Divestment / Debt Repayment
SUNPHARMA,2022-03,+,-,-,Reinvestor / Shareholder Returns
SUNPHARMA,2023-03,+,-,+,Growth Capital / Expansion
SUNPHARMA,2024-03,+,-,-,Reinvestor / Shareholder Returns
SUNPHARMA,2024-09,+,+,+,Asset Liquidation / Cash Accumulation
SUNPHARMA,PARSE_ERROR,+,+,+,Asset Liquidation / Cash Accumulation
TATACONSUM,2013-03,+,+,+,Asset Liquidation / Cash Accumulation
TATACONSUM,2014-03,+,-,-,Reinvestor / Shareholder Returns
TATACONSUM,2015-03,+,-,-,Reinvestor / Shareholder Returns
TATACONSUM,2016-03,+,+,-,Divestment / Debt Repayment
TATACONSUM,2017-03,+,+,-,Divestment / Debt Repayment
TATACONSUM,2018-03,+,-,-,Reinvestor / Shareholder Returns
TATACONSUM,2019-03,+,+,-,Divestment / Debt Repayment
TATACONSUM,2020-03,+,-,-,Reinvestor / Shareholder Returns
TATACONSUM,2021-03,+,-,-,Reinvestor / Shareholder Returns
TATACONSUM,2022-03,+,-,-,Reinvestor / Shareholder Returns
TATACONSUM,2023-03,+,-,-,Reinvestor / Shareholder Returns
TATACONSUM,2024-03,+,-,+,Growth Capital / Expansion
TATACONSUM,2024-09,+,+,+,Asset Liquidation / Cash Accumulation
TATACONSUM,PARSE_ERROR,+,+,+,Asset Liquidation / Cash Accumulation
TATAMOTORS,2013-03,+,-,-,Reinvestor / Shareholder Returns
TATAMOTORS,2014-03,+,-,-,Reinvestor / Shareholder Returns
TATAMOTORS,2015-03,+,-,+,Growth Capital / Expansion
TATAMOTORS,2016-03,+,-,-,Reinvestor / Shareholder Returns
TATAMOTORS,2017-03,+,-,+,Growth Capital / Expansion
TATAMOTORS,2018-03,+,-,+,Growth Capital / Expansion
TATAMOTORS,2019-03,+,-,+,Growth Capital / Expansion
TATAMOTORS,2020-03,+,-,+,Growth Capital / Expansion
TATAMOTORS,2021-03,+,-,+,Growth Capital / Expansion
TATAMOTORS,2022-03,+,-,-,Reinvestor / Shareholder Returns
TATAMOTORS,2023-03,+,-,-,Reinvestor / Shareholder Returns
TATAMOTORS,2024-03,+,-,-,Reinvestor / Shareholder Returns
TATAMOTORS,2024-09,+,+,+,Asset Liquidation / Cash Accumulation
TATAMOTORS,PARSE_ERROR,+,+,+,Asset Liquidation / Cash Accumulation
TATAPOWER,2013-03,+,-,-,Reinvestor / Shareholder Returns
TATAPOWER,2014-03,+,-,-,Reinvestor / Shareholder Returns
TATAPOWER,2015-03,+,-,-,Reinvestor / Shareholder Returns
TATAPOWER,2016-03,+,-,-,Reinvestor / Shareholder Returns
TATAPOWER,2017-03,+,-,+,Growth Capital / Expansion
TATAPOWER,2018-03,+,-,-,Reinvestor / Shareholder Returns
TATAPOWER,2019-03,+,-,-,Reinvestor / Shareholder Returns
TATAPOWER,2020-03,+,-,-,Reinvestor / Shareholder Returns
TATAPOWER,2021-03,+,+,-,Divestment / Debt Repayment
TATAPOWER,2022-03,+,-,-,Reinvestor / Shareholder Returns
TATAPOWER,2023-03,+,-,+,Growth Capital / Expansion
TATAPOWER,2024-03,+,-,-,Reinvestor / Shareholder Returns
TATAPOWER,2024-09,+,+,+,Asset Liquidation / Cash Accumulation
TATAPOWER,PARSE_ERROR,+,+,+,Asset Liquidation / Cash Accumulation
TATASTEEL,2013-03,+,-,-,Reinvestor / Shareholder Returns
TATASTEEL,2014-03,+,-,+,Growth Capital / Expansion
TATASTEEL,2015-03,+,-,-,Reinvestor / Shareholder Returns
TATASTEEL,2016-03,+,-,-,Reinvestor / Shareholder Returns
TATASTEEL,2017-03,+,-,-,Reinvestor / Shareholder Returns
TATASTEEL,2018-03,+,-,+,Growth Capital / Expansion
TATASTEEL,2019-03,+,-,-,Reinvestor / Shareholder Returns
TATASTEEL,2020-03,+,-,-,Reinvestor / Shareholder Returns
TATASTEEL,2021-03,+,-,-,Reinvestor / Shareholder Returns
TATASTEEL,2022-03,+,-,-,Reinvestor / Shareholder Returns
TATASTEEL,2023-03,+,-,-,Reinvestor / Shareholder Returns
TATASTEEL,2024-03,+,-,-,Reinvestor / Shareholder Returns
TATASTEEL,2024-09,+,+,+,Asset Liquidation / Cash Accumulation
TATASTEEL,PARSE_ERROR,+,+,+,Asset Liquidation / Cash Accumulation
TCS,2013-03,+,-,-,Reinvestor / Shareholder Returns
TCS,2014-03,+,-,-,Reinvestor / Shareholder Returns
TCS,2015-03,+,-,-,Reinvestor / Shareholder Returns
TCS,2016-03,+,-,-,Reinvestor / Shareholder Returns
TCS,2017-03,+,-,-,Reinvestor / Shareholder Returns
TCS,2018-03,+,+,-,Divestment / Debt Repayment
TCS,2019-03,+,+,-,Divestment / Debt Repayment
TCS,2020-03,+,+,-,Divestment / Debt Repayment
TCS,2021-03,+,-,-,Reinvestor / Shareholder Returns
TCS,2022-03,+,-,-,Reinvestor / Shareholder Returns
TCS,2023-03,+,+,-,Divestment / Debt Repayment
TCS,2024-03,+,+,-,Divestment / Debt Repayment
TCS,2024-09,+,+,+,Asset Liquidation / Cash Accumulation
TCS,PARSE_ERROR,+,+,+,Asset Liquidation / Cash Accumulation
TECHM,2013-03,+,-,+,Growth Capital / Expansion
TECHM,2014-03,+,+,-,Divestment / Debt Repayment
TECHM,2015-03,+,-,-,Reinvestor / Shareholder Returns
TECHM,2016-03,+,-,-,Reinvestor / Shareholder Returns
TECHM,2017-03,+,-,-,Reinvestor / Shareholder Returns
TECHM,2018-03,+,-,-,Reinvestor / Shareholder Returns
TECHM,2019-03,+,-,-,Reinvestor / Shareholder Returns
TECHM,2020-03,+,+,-,Divestment / Debt Repayment
TECHM,2021-03,+,-,-,Reinvestor / Shareholder Returns
TECHM,2022-03,+,+,-,Divestment / Debt Repayment
TECHM,2023-03,+,-,-,Reinvestor / Shareholder Returns
TECHM,2024-03,+,-,-,Reinvestor / Shareholder Returns
TECHM,2024-09,+,+,+,Asset Liquidation / Cash Accumulation
TECHM,PARSE_ERROR,+,+,+,Asset Liquidation / Cash Accumulation
TITAN,2013-03,+,-,-,Reinvestor / Shareholder Returns
TITAN,2014-03,-,-,+,External Funding for Operations
TITAN,2015-03,+,-,-,Reinvestor / Shareholder Returns
TITAN,2016-03,+,-,-,Reinvestor / Shareholder Returns
TITAN,2017-03,+,-,-,Reinvestor / Shareholder Returns
TITAN,2018-03,-,+,-,Asset Sale / Debt Repayment
TITAN,2019-03,+,-,-,Reinvestor / Shareholder Returns
TITAN,2020-03,-,+,-,Asset Sale / Debt Repayment
TITAN,2021-03,+,-,-,Reinvestor / Shareholder Returns
TITAN,2022-03,-,+,-,Asset Sale / Debt Repayment
TITAN,2023-03,+,-,+,Growth Capital / Expansion
TITAN,2024-03,+,-,-,Reinvestor / Shareholder Returns
TITAN,2024-09,+,+,+,Asset Liquidation / Cash Accumulation
TITAN,PARSE_ERROR,+,+,+,Asset Liquidation / Cash Accumulation
TORNTPHARM,2013-03,+,-,+,Growth Capital / Expansion
TORNTPHARM,2014-03,+,-,+,Growth Capital / Expansion
TORNTPHARM,2015-03,+,-,+,Growth Capital / Expansion
TORNTPHARM,2016-03,+,-,-,Reinvestor / Shareholder Returns
TORNTPHARM,2017-03,+,-,-,Reinvestor / Shareholder Returns
TORNTPHARM,2018-03,+,-,+,Growth Capital / Expansion
TORNTPHARM,2019-03,+,-,-,Reinvestor / Shareholder Returns
TORNTPHARM,2020-03,+,+,-,Divestment / Debt Repayment
TORNTPHARM,2021-03,+,-,-,Reinvestor / Shareholder Returns
TORNTPHARM,2022-03,+,-,-,Reinvestor / Shareholder Returns
TORNTPHARM,2023-03,+,-,+,Growth Capital / Expansion
TORNTPHARM,2024-03,+,-,-,Reinvestor / Shareholder Returns
TORNTPHARM,2024-09,+,+,+,Asset Liquidation / Cash Accumulation
TORNTPHARM,PARSE_ERROR,+,+,+,Asset Liquidation / Cash Accumulation
TRENT,2013-03,+,-,+,Growth Capital / Expansion
TRENT,2014-03,-,-,-,Cash Burn / High Stress
TRENT,2015-03,-,-,+,External Funding for Operations
TRENT,2016-03,+,-,-,Reinvestor / Shareholder Returns
TRENT,2017-03,+,-,-,Reinvestor / Shareholder Returns
TRENT,2018-03,+,-,-,Reinvestor / Shareholder Returns
TRENT,2019-03,+,-,+,Growth Capital / Expansion
TRENT,2020-03,+,-,+,Growth Capital / Expansion
TRENT,2021-03,+,+,-,Divestment / Debt Repayment
TRENT,2022-03,+,+,-,Divestment / Debt Repayment
TRENT,2023-03,+,-,-,Reinvestor / Shareholder Returns
TRENT,2024-03,+,-,-,Reinvestor / Shareholder Returns
TRENT,2024-09,+,+,+,Asset Liquidation / Cash Accumulation
TRENT,PARSE_ERROR,+,+,+,Asset Liquidation / Cash Accumulation
TVSMOTOR,2013-03,+,-,-,Reinvestor / Shareholder Returns
TVSMOTOR,2014-03,+,-,-,Reinvestor / Shareholder Returns
TVSMOTOR,2015-03,+,-,+,Growth Capital / Expansion
TVSMOTOR,2016-03,+,-,-,Reinvestor / Shareholder Returns
TVSMOTOR,2017-03,+,-,-,Reinvestor / Shareholder Returns
TVSMOTOR,2018-03,+,-,+,Growth Capital / Expansion
TVSMOTOR,2019-03,-,-,+,External Funding for Operations
TVSMOTOR,2020-03,+,-,+,Growth Capital / Expansion
TVSMOTOR,2021-03,+,-,+,Growth Capital / Expansion
TVSMOTOR,2022-03,-,-,+,External Funding for Operations
TVSMOTOR,2023-03,-,-,+,External Funding for Operations
TVSMOTOR,2024-03,-,-,+,External Funding for Operations
TVSMOTOR,2024-09,+,+,+,Asset Liquidation / Cash Accumulation
TVSMOTOR,PARSE_ERROR,+,+,+,Asset Liquidation / Cash Accumulation
